{
  "0.68": 0.12096280950971688,
  "0.9": 0.19855973167603827,
  "0.95": 0.26548288448258855
}