{
  "champion_model_id": "M1_xgb_focus_only",
  "created_utc": "2026-07-10T15:12:23.446901+00:00",
  "leaderboard": [
    {
      "angular_68_mrad": 342.63683286610365,
      "angular_95_mrad": 508.7145424483428,
      "angular_median_mrad": 256.9500162822386,
      "angular_valid_fraction": 1.0,
      "deployable": true,
      "energy_mae_gev": 24.745916402453663,
      "energy_relative_bias_mean": 0.0610545982932396,
      "energy_relative_rmse": 0.250873768332329,
      "energy_relative_width68": 0.202598887948164,
      "energy_response_mean": 1.0610545982932396,
      "energy_response_median": 1.081375141239295,
      "focus_events": 50626,
      "macro_rms_relative_fourvector_error": 0.4511670594377147,
      "mass_shell_residual_abs_max_gev2": 4.726241620289784e-11,
      "model_id": "B0_visible_sum_axis",
      "n_events": 50626,
      "relative_fourvector_error_mean": 0.4114414445909689,
      "relative_fourvector_error_rms": 0.4598831034073187
    },
    {
      "angular_68_mrad": 39.23795695856522,
      "angular_95_mrad": 87.53241084299509,
      "angular_median_mrad": 26.1597953729093,
      "angular_valid_fraction": 1.0,
      "deployable": true,
      "energy_mae_gev": 19.95268879479728,
      "energy_relative_bias_mean": 0.014169718318221,
      "energy_relative_rmse": 0.2699507959714665,
      "energy_relative_width68": 0.1409297150684434,
      "energy_response_mean": 1.014169718318221,
      "energy_response_median": 1.0216344158248938,
      "focus_events": 50626,
      "macro_rms_relative_fourvector_error": 0.3647514684381928,
      "mass_shell_residual_abs_max_gev2": 6.253716877679949e-09,
      "model_id": "B1_ridge_constrained",
      "n_events": 50626,
      "relative_fourvector_error_mean": 0.2068930257852498,
      "relative_fourvector_error_rms": 0.384691802266118
    },
    {
      "angular_68_mrad": 88.70586595229075,
      "angular_95_mrad": 271.29964382011974,
      "angular_median_mrad": 54.44736768821829,
      "angular_valid_fraction": 1.0,
      "deployable": false,
      "energy_mae_gev": 17.26023200897007,
      "energy_relative_bias_mean": 0.0602404514263098,
      "energy_relative_rmse": 0.2145654860144671,
      "energy_relative_width68": 0.1313907132103289,
      "energy_response_mean": 1.0602404514263095,
      "energy_response_median": 1.0400189069098178,
      "focus_events": 50626,
      "macro_rms_relative_fourvector_error": 0.3032120881165073,
      "mass_shell_residual_abs_max_gev2": 2.6554114462840056e-10,
      "model_id": "M2_ridge_direct_projected",
      "n_events": 50626,
      "relative_fourvector_error_mean": 0.2278746832105189,
      "relative_fourvector_error_rms": 0.3298196908898099
    },
    {
      "angular_68_mrad": 8.038215422857267,
      "angular_95_mrad": 16.86941378138986,
      "angular_median_mrad": 5.894638358378435,
      "angular_valid_fraction": 1.0,
      "deployable": true,
      "energy_mae_gev": 11.28066565113952,
      "energy_relative_bias_mean": 0.01101962883514,
      "energy_relative_rmse": 0.1514920565707674,
      "energy_relative_width68": 0.0682675630017446,
      "energy_response_mean": 1.01101962883514,
      "energy_response_median": 1.0056241105635997,
      "focus_events": 50626,
      "macro_rms_relative_fourvector_error": 0.2038823903882062,
      "mass_shell_residual_abs_max_gev2": 4.0049075167303265e-11,
      "model_id": "M1_xgb_focus_only",
      "n_events": 50626,
      "relative_fourvector_error_mean": 0.1178392737596254,
      "relative_fourvector_error_rms": 0.2147567986662001
    },
    {
      "angular_68_mrad": 8.345432965722942,
      "angular_95_mrad": 17.30719219221031,
      "angular_median_mrad": 6.129226796701013,
      "angular_valid_fraction": 1.0,
      "deployable": true,
      "energy_mae_gev": 12.26530792049773,
      "energy_relative_bias_mean": 0.004208507519061,
      "energy_relative_rmse": 0.1583911709693128,
      "energy_relative_width68": 0.0737391670814635,
      "energy_response_mean": 1.0042085075190612,
      "energy_response_median": 1.0081539266512496,
      "focus_events": 50626,
      "macro_rms_relative_fourvector_error": 0.2207597099418499,
      "mass_shell_residual_abs_max_gev2": 4.726241620289784e-11,
      "model_id": "M1_xgb_full_support",
      "n_events": 50626,
      "relative_fourvector_error_mean": 0.1254777518927749,
      "relative_fourvector_error_rms": 0.2242501905816015
    }
  ],
  "leaderboard_sha256": "3b0220b6625fdf16f2af7d24dda4e818dc35843dc0318d16a11207a1a5a4f663",
  "material_slice_regression_rule": "Reject a candidate before test if required validation slices show a larger than 0.5% relative regression in primary score without compensating physics justification.",
  "ranking_metric": "macro_rms_relative_fourvector_error on validation focus 50-250 GeV",
  "tuning_is_over": true
}