{
  "0.68": 0.6807734043602643,
  "0.9": 0.9021209430798066,
  "0.95": 0.9505573641116701
}