sample,component,events,mse_gev2,rmse_gev,mae_gev,bias_gev,residual_sd_gev,abs_error_68_gev,abs_error_90_gev,abs_error_95_gev,normalized_mse,normalized_rmse,normalized_mae,normalized_bias,abs_normalized_68,abs_normalized_95,r2,pearson_r,slope,intercept_gev,within_1gev,within_5gev,within_10gev,within_1pct_energy,within_5pct_energy,within_10pct_energy
locked_focus_test,E,50685,397.0438568101917,19.925959369882086,11.418698849384043,0.01491756211475727,19.925953785867623,9.872899299043238,28.576895189182704,43.14024695754521,0.0271272411054283,0.16470349451492614,0.08723349907058361,0.023615329245542483,0.07279466866808894,0.3336449475965809,0.8805012221793383,0.9383530254385692,0.8783849764973656,18.280494532989174,0.1077833678603137,0.46270099635000494,0.6833777251652363,0.1521554700601756,0.5703067968827069,0.7599684324750913
locked_focus_test,px,50685,25.262630366709597,5.026194421897108,2.3826626152462214,0.07031609537291236,5.025702539291507,1.6441017642593176,6.043621713923832,10.096169767472913,0.0017376319093904704,0.041684912251202716,0.018224597747906867,0.00029744990908704027,0.012087902580753903,0.07630794586862338,0.9680912302882353,0.9839211997163775,0.9662728873881604,0.06833815349130415,0.5378711650389661,0.8765315182006511,0.9490381769754365,0.6323567130314689,0.9111374173818684,0.9674657196409194
locked_focus_test,py,50685,25.241992847165545,5.024141005899968,2.3875674164653837,-0.0048893207172520485,5.024138626840273,1.6410518039790396,6.044852577135738,10.29899589569897,0.001775367569391368,0.04213511088618811,0.018342551836138903,-0.0020997052328123635,0.012039816901015894,0.07951273853289235,0.9675515573756582,0.9836461598552275,0.9647465239696271,-0.07779732181856946,0.5392917036598599,0.8766893558251948,0.9473808819177272,0.6320804971885173,0.9100917431192661,0.9651376146788991
locked_focus_test,pz,50685,349.3182855622848,18.69005846866951,10.825933998879174,0.03830115989663912,18.690019223731028,9.537345965549626,26.76186947206015,40.376344543500544,0.023770659647735115,0.15417736425213371,0.08266048224121861,0.022339606242555387,0.07007387811431684,0.3120253719233931,0.8886884773285152,0.9427047467296767,0.8869811018240047,16.48134884299254,0.1101903916346059,0.47148071421525106,0.693025549965473,0.15543060076945842,0.5796389464338562,0.770227878070435
