sample,component,events,mse_gev2,rmse_gev,mae_gev,bias_gev,residual_sd_gev,abs_error_68_gev,abs_error_90_gev,abs_error_95_gev,normalized_mse,normalized_rmse,normalized_mae,normalized_bias,abs_normalized_68,abs_normalized_95,r2,pearson_r,slope,intercept_gev,within_1gev,within_5gev,within_10gev,within_1pct_energy,within_5pct_energy,within_10pct_energy
validation_focus,E,50626,409.21886309275186,20.229158734182494,11.49997615331787,2.0686665924456344e-14,20.22915873418249,9.939802709243736,28.64131885450699,43.98916947810286,0.027676567907303773,0.16636275997741734,0.08785229617776043,0.023766734189973496,0.07297152711619911,0.33871711608138455,0.8769620687942304,0.9364625293060218,0.8769620687942323,18.470045052412466,0.1082842808043298,0.4621340813020977,0.6820606012720737,0.1510686208667483,0.5687196302295263,0.7585035357326275
validation_focus,px,50626,26.31162521764668,5.129485862895684,2.3955948563629654,-0.013256940399313447,5.129468731864727,1.633273697809809,5.999172232020008,10.098505247061386,0.0018457319038069396,0.042961982074933874,0.018392287967927412,-0.00020024596600192092,0.011998203543375064,0.0777772062153819,0.9665592421315682,0.9831379242097832,0.965730300707494,-0.014444004169364415,0.538221467230277,0.8769011970133923,0.9493738395290957,0.6353454746572907,0.9100857267016947,0.966519179868052
validation_focus,py,50626,26.632244087224052,5.160643766743065,2.4062693769593366,-0.016664743987016777,5.160616859788362,1.6405145488444326,6.090560030917938,10.241301723817708,0.0018305861729543812,0.04278534998050596,0.018474214206039036,-0.0020439726445423845,0.011959127879403876,0.0792545469193841,0.9658809969837967,0.9827927791982662,0.9653486895402346,-0.08951757134296444,0.5388535535100542,0.8768616916209062,0.9481886777545135,0.6334294631217161,0.9110141034251176,0.9650772330423103
validation_focus,pz,50626,360.13612124901687,18.9772527318634,10.90596323313862,0.021183518669860724,18.977240908718887,9.59051218768235,26.918896528208094,41.07492682460269,0.024233643277223608,0.155671587893307,0.08326204834725023,0.022464781941078406,0.0704708529617152,0.3158116704618001,0.8853798449302324,0.9409463264963358,0.885342395851774,16.69442164027735,0.10964721684509936,0.4699363963180974,0.6926085410658555,0.15411053608817604,0.5781811717299411,0.7686564216015486
