{
  "champion_model_id": "B1_ridge_constrained",
  "created_utc": "2026-07-10T14:49:52.634824+00:00",
  "leaderboard": [
    {
      "angular_68_mrad": 342.63683286610365,
      "angular_95_mrad": 508.7145424483428,
      "angular_median_mrad": 256.9500162822386,
      "angular_valid_fraction": 1.0,
      "deployable": true,
      "energy_mae_gev": 24.745916402453663,
      "energy_relative_bias_mean": 0.0610545982932396,
      "energy_relative_rmse": 0.250873768332329,
      "energy_relative_width68": 0.202598887948164,
      "energy_response_mean": 1.0610545982932396,
      "energy_response_median": 1.081375141239295,
      "focus_events": 50626,
      "macro_rms_relative_fourvector_error": 0.4511670594377147,
      "mass_shell_residual_abs_max_gev2": 4.726241620289784e-11,
      "model_id": "B0_visible_sum_axis",
      "n_events": 50626,
      "relative_fourvector_error_mean": 0.4114414445909689,
      "relative_fourvector_error_rms": 0.4598831034073187
    },
    {
      "angular_68_mrad": 39.23795695856522,
      "angular_95_mrad": 87.53241084299509,
      "angular_median_mrad": 26.1597953729093,
      "angular_valid_fraction": 1.0,
      "deployable": true,
      "energy_mae_gev": 19.95268879479728,
      "energy_relative_bias_mean": 0.014169718318221,
      "energy_relative_rmse": 0.2699507959714665,
      "energy_relative_width68": 0.1409297150684434,
      "energy_response_mean": 1.014169718318221,
      "energy_response_median": 1.0216344158248938,
      "focus_events": 50626,
      "macro_rms_relative_fourvector_error": 0.3647514684381928,
      "mass_shell_residual_abs_max_gev2": 6.253716877679949e-09,
      "model_id": "B1_ridge_constrained",
      "n_events": 50626,
      "relative_fourvector_error_mean": 0.2068930257852498,
      "relative_fourvector_error_rms": 0.384691802266118
    },
    {
      "angular_68_mrad": 88.70586595229075,
      "angular_95_mrad": 271.29964382011974,
      "angular_median_mrad": 54.44736768821829,
      "angular_valid_fraction": 1.0,
      "deployable": false,
      "energy_mae_gev": 17.26023200897007,
      "energy_relative_bias_mean": 0.0602404514263098,
      "energy_relative_rmse": 0.2145654860144671,
      "energy_relative_width68": 0.1313907132103289,
      "energy_response_mean": 1.0602404514263095,
      "energy_response_median": 1.0400189069098178,
      "focus_events": 50626,
      "macro_rms_relative_fourvector_error": 0.3032120881165073,
      "mass_shell_residual_abs_max_gev2": 2.6554114462840056e-10,
      "model_id": "M2_ridge_direct_projected",
      "n_events": 50626,
      "relative_fourvector_error_mean": 0.2278746832105189,
      "relative_fourvector_error_rms": 0.3298196908898099
    },
    {
      "angular_68_mrad": 8.063039548848383,
      "angular_95_mrad": 16.927124011201442,
      "angular_median_mrad": 5.922964496010442,
      "angular_valid_fraction": 1.0,
      "deployable": false,
      "energy_mae_gev": 3.156629554794436e+51,
      "energy_relative_bias_mean": 2.5370751686919e+49,
      "energy_relative_rmse": 2.8198429026402913e+49,
      "energy_relative_width68": 1.1966449202555543e+49,
      "energy_response_mean": 2.5370751686919e+49,
      "energy_response_median": 2.1023963469732502e+49,
      "focus_events": 50626,
      "macro_rms_relative_fourvector_error": 3.6046440213221066e+49,
      "mass_shell_residual_abs_max_gev2": 7.957171782556585e+87,
      "model_id": "M1_xgb_focus_only",
      "n_events": 50626,
      "relative_fourvector_error_mean": 3.587966112324093e+49,
      "relative_fourvector_error_rms": 3.987860076675415e+49
    },
    {
      "angular_68_mrad": 8.274879810729788,
      "angular_95_mrad": 17.169628781722928,
      "angular_median_mrad": 6.076326929738277,
      "angular_valid_fraction": 1.0,
      "deployable": false,
      "energy_mae_gev": 2.880164312751232e+25,
      "energy_relative_bias_mean": 2.3148719964733324e+23,
      "energy_relative_rmse": 2.572874249185792e+23,
      "energy_relative_width68": 1.0918398673421576e+23,
      "energy_response_mean": 2.3148719964733324e+23,
      "energy_response_median": 1.9182633960370555e+23,
      "focus_events": 50626,
      "macro_rms_relative_fourvector_error": 3.288940590008546e+23,
      "mass_shell_residual_abs_max_gev2": 4.9846049841934345e+35,
      "model_id": "M1_xgb_full_support",
      "n_events": 50626,
      "relative_fourvector_error_mean": 3.27372337257027e+23,
      "relative_fourvector_error_rms": 3.638593657479041e+23
    }
  ],
  "leaderboard_sha256": "be004a7f8302b17500d87cd869cb9c29c9ef5d2cb71cb3812a90f7426c543fbd",
  "material_slice_regression_rule": "Reject a candidate before test if required validation slices show a larger than 0.5% relative regression in primary score without compensating physics justification.",
  "ranking_metric": "macro_rms_relative_fourvector_error on validation focus 50-250 GeV",
  "tuning_is_over": true
}