{
  "0.68": 0.6816612409983229,
  "0.9": 0.8992995955410871,
  "0.95": 0.9505573641116701
}