{
  "focus_counts": {
    "test": 50685,
    "train": 408276,
    "validation": 50626
  },
  "generator_energy_quantiles_gev": {
    "test": {
      "0.0": 0.9398310839824735,
      "0.05": 15.151627632172193,
      "0.16": 47.95766769478929,
      "0.5": 150.10689758633663,
      "0.84": 251.97348326466778,
      "0.95": 284.6084631907149,
      "1.0": 300.0009465635535
    },
    "train": {
      "0.0": 0.939619280394676,
      "0.05": 14.97932067950463,
      "0.16": 47.93519593695766,
      "0.5": 150.1871001543928,
      "0.84": 252.00997888963053,
      "0.95": 285.0692172996306,
      "1.0": 300.00104360486347
    },
    "validation": {
      "0.0": 0.9396281546319822,
      "0.05": 14.92228535604058,
      "0.16": 47.64582081721549,
      "0.5": 150.10878989620926,
      "0.84": 252.02611675065145,
      "0.95": 285.0125277765001,
      "1.0": 300.001371033516
    }
  },
  "n_events_total": 764940,
  "split_counts": {
    "test": 76105,
    "train": 612825,
    "validation": 76010
  },
  "theta_quantiles_mrad": {
    "test": {
      "0.0": 0.015698640291800868,
      "0.05": 21.97100272554327,
      "0.16": 68.85692506714072,
      "0.5": 215.76375542497723,
      "0.84": 364.29917340737137,
      "0.95": 415.454904423916,
      "1.0": 461.2976214093659
    },
    "train": {
      "0.0": 0.00037342202920144025,
      "0.05": 22.040721885881606,
      "0.16": 70.03076361115572,
      "0.5": 218.71881591597722,
      "0.84": 367.06821553905434,
      "0.95": 418.608097005316,
      "1.0": 461.33115619103904
    },
    "validation": {
      "0.0": 0.006411829583044952,
      "0.05": 21.88683168623953,
      "0.16": 69.3503838951516,
      "0.5": 215.6879121744275,
      "0.84": 364.3938156295113,
      "0.95": 415.4118122244698,
      "1.0": 461.3188017298246
    }
  }
}