{
  "created_utc": "2026-07-10T21:51:43.837729+00:00",
  "data_summary": {
    "focus_counts": {
      "test": 50685,
      "train": 408276,
      "validation": 50626
    },
    "generator_energy_quantiles_gev": {
      "test": {
        "0.0": 0.9398310839824735,
        "0.05": 15.151627632172193,
        "0.16": 47.95766769478929,
        "0.5": 150.10689758633663,
        "0.84": 251.97348326466778,
        "0.95": 284.6084631907149,
        "1.0": 300.0009465635535
      },
      "train": {
        "0.0": 0.939619280394676,
        "0.05": 14.97932067950463,
        "0.16": 47.93519593695766,
        "0.5": 150.1871001543928,
        "0.84": 252.00997888963053,
        "0.95": 285.0692172996306,
        "1.0": 300.00104360486347
      },
      "validation": {
        "0.0": 0.9396281546319822,
        "0.05": 14.92228535604058,
        "0.16": 47.64582081721549,
        "0.5": 150.10878989620926,
        "0.84": 252.02611675065145,
        "0.95": 285.0125277765001,
        "1.0": 300.001371033516
      }
    },
    "n_events_total": 764940,
    "split_counts": {
      "test": 76105,
      "train": 612825,
      "validation": 76010
    },
    "theta_quantiles_mrad": {
      "test": {
        "0.0": 0.015698640291800868,
        "0.05": 21.97100272554327,
        "0.16": 68.85692506714072,
        "0.5": 215.76375542497723,
        "0.84": 364.29917340737137,
        "0.95": 415.454904423916,
        "1.0": 461.2976214093659
      },
      "train": {
        "0.0": 0.00037342202920144025,
        "0.05": 22.040721885881606,
        "0.16": 70.03076361115572,
        "0.5": 218.71881591597722,
        "0.84": 367.06821553905434,
        "0.95": 418.608097005316,
        "1.0": 461.33115619103904
      },
      "validation": {
        "0.0": 0.006411829583044952,
        "0.05": 21.88683168623953,
        "0.16": 69.3503838951516,
        "0.5": 215.6879121744275,
        "0.84": 364.3938156295113,
        "0.95": 415.4118122244698,
        "1.0": 461.3188017298246
      }
    }
  },
  "elapsed_seconds": 94.97037076950073,
  "loss_summary": {
    "best_validation_E_rmse_gev": {
      "round": 980,
      "value": 20.408325706358482
    },
    "best_validation_overall_relative_fourvector_rmse": {
      "round": 735,
      "value": 0.2143414040678046
    },
    "best_validation_px_rmse_gev": {
      "round": 2499,
      "value": 5.177989169890205
    },
    "best_validation_py_rmse_gev": {
      "round": 2499,
      "value": 5.20788450849503
    },
    "best_validation_pz_rmse_gev": {
      "round": 980,
      "value": 19.135673644391403
    },
    "model_id": "M1_xgb_focus_only",
    "rounds_evaluated": [
      1,
      2,
      3,
      5,
      10,
      35,
      70,
      105,
      140,
      175,
      210,
      245,
      280,
      315,
      350,
      385,
      420,
      455,
      490,
      525,
      560,
      595,
      630,
      665,
      700,
      735,
      770,
      805,
      840,
      875,
      910,
      917,
      945,
      980,
      997,
      1015,
      1050,
      1085,
      1120,
      1155,
      1190,
      1225,
      1260,
      1295,
      1330,
      1365,
      1400,
      1435,
      1470,
      1505,
      1540,
      1575,
      1610,
      1645,
      1680,
      1715,
      1750,
      1785,
      1820,
      1855,
      1890,
      1925,
      1960,
      1995,
      2030,
      2065,
      2100,
      2135,
      2170,
      2205,
      2240,
      2275,
      2310,
      2345,
      2380,
      2415,
      2450,
      2485,
      2494,
      2499,
      2500
    ],
    "target_best_rounds": {
      "log1p_kinetic": 917,
      "ux": 2499,
      "uy": 2494,
      "uz": 2499
    },
    "target_best_scores": {
      "log1p_kinetic": "0.1500989271626588",
      "ux": "0.01000212541481839",
      "uy": "0.00953289749485643",
      "uz": "0.00253197274844512"
    },
    "target_num_boosted_rounds": {
      "log1p_kinetic": 997,
      "ux": 2500,
      "uy": 2500,
      "uz": 2500
    },
    "train_focus_rows": 408276,
    "validation_focus_rows": 50626
  },
  "output_gcs": "gs://asiop-zdc-1-zdc-reco-us-central1/runs/loss-curves-20260711/outputs",
  "source_gcs": "gs://asiop-zdc-1-zdc-reco-us-central1/runs/full-cpu-20260710-finalfix2/outputs"
}