{
  "best_validation_E_rmse_gev": {
    "round": 980,
    "value": 20.408325706358482
  },
  "best_validation_overall_relative_fourvector_rmse": {
    "round": 735,
    "value": 0.2143414040678046
  },
  "best_validation_px_rmse_gev": {
    "round": 2499,
    "value": 5.177989169890205
  },
  "best_validation_py_rmse_gev": {
    "round": 2499,
    "value": 5.20788450849503
  },
  "best_validation_pz_rmse_gev": {
    "round": 980,
    "value": 19.135673644391403
  },
  "model_id": "M1_xgb_focus_only",
  "rounds_evaluated": [
    1,
    2,
    3,
    5,
    10,
    35,
    70,
    105,
    140,
    175,
    210,
    245,
    280,
    315,
    350,
    385,
    420,
    455,
    490,
    525,
    560,
    595,
    630,
    665,
    700,
    735,
    770,
    805,
    840,
    875,
    910,
    917,
    945,
    980,
    997,
    1015,
    1050,
    1085,
    1120,
    1155,
    1190,
    1225,
    1260,
    1295,
    1330,
    1365,
    1400,
    1435,
    1470,
    1505,
    1540,
    1575,
    1610,
    1645,
    1680,
    1715,
    1750,
    1785,
    1820,
    1855,
    1890,
    1925,
    1960,
    1995,
    2030,
    2065,
    2100,
    2135,
    2170,
    2205,
    2240,
    2275,
    2310,
    2345,
    2380,
    2415,
    2450,
    2485,
    2494,
    2499,
    2500
  ],
  "target_best_rounds": {
    "log1p_kinetic": 917,
    "ux": 2499,
    "uy": 2494,
    "uz": 2499
  },
  "target_best_scores": {
    "log1p_kinetic": "0.1500989271626588",
    "ux": "0.01000212541481839",
    "uy": "0.00953289749485643",
    "uz": "0.00253197274844512"
  },
  "target_num_boosted_rounds": {
    "log1p_kinetic": 997,
    "ux": 2500,
    "uy": 2500,
    "uz": 2500
  },
  "train_focus_rows": 408276,
  "validation_focus_rows": 50626
}