run,label,champion,job_status,source_gcs,angular_68_mrad,angular_95_mrad,angular_median_mrad,angular_valid_fraction,energy_mae_gev,energy_relative_bias_mean,energy_relative_rmse,energy_relative_width68,energy_response_mean,energy_response_median,focus_events,macro_rms_relative_fourvector_error,mass_shell_residual_abs_max_gev2,n_events,relative_fourvector_error_mean,relative_fourvector_error_rms
full-cpu-20260710,base full-cpu,B1_ridge_constrained,complete,gs://asiop-zdc-1-zdc-reco-us-central1/runs/full-cpu-20260710/outputs,39.4608363659558,87.82566429883639,26.27980332575699,1.0,102.41396961146465,-0.6164822197707632,0.6437883171665506,0.18006244049735112,0.38351778022923677,0.31814957599785815,50685,0.875448901884476,1.787681114251427e-12,50685,0.8727546585759429,0.9109797722777139
full-cpu-20260710-finalfix,finalfix,B1_ridge_constrained,complete,gs://asiop-zdc-1-zdc-reco-us-central1/runs/full-cpu-20260710-finalfix/outputs,39.4608363659558,87.82566429883639,26.27980332575699,1.0,22.61899985919906,0.0735128616961136,0.26065339433663753,0.21987220423331552,1.0735128616961136,1.0276845119550762,50685,0.3276764732159172,3.271050097453099e-11,50685,0.2706704626661393,0.37179488599678384
full-cpu-20260710-finalfix2,finalfix2 accepted,M1_xgb_focus_only,complete,gs://asiop-zdc-1-zdc-reco-us-central1/runs/full-cpu-20260710-finalfix2/outputs,7.98112692599035,16.62022486411495,5.872449369417561,1.0,11.48034175891426,0.023760074912790228,0.1543518245985,0.07149108719165924,1.0237600749127902,1.016589479160418,50685,0.20443314430393622,3.2773117553119846e-11,50685,0.12317056310240804,0.21863032113655304
